"PRT_ID","SALES_PRICE"
"P05996",7808830
"P09294",14812129
"P03807",8119238
"P00539",14032012
"P01448",7015487
"P06667",13769906
"P09803",14767120
"P05568",21765076
"P05102",14870810
"P04556",5700116
"P03782",8998318
"P02221",10780663
"P03299",11557603
"P08959",8995956
"P09377",8089414
"P09924",9918212
"P01394",8286083
"P07407",11695608
"P08729",12693123
"P09542",11594995
"P01853",10019239
"P08051",13059695
"P08271",5852752
"P02055",9369380
"P01462",6556697
"P03664",13611199
"P02370",6532801
"P07852",19647835
"P06278",15657589
"P08467",13482654
"P00992",11169665
"P05942",7134252
"P03989",6678543
"P07060",10793520
"P00285",13923344
"P04718",5682759
"P00956",11688348
"P07903",11238144
"P09166",7916136
"P04499",7268768
"P04015",3626380
"P09376",9514723
"P00012",7174659
"P08995",13887786
"P02323",9552826
"P01359",8974220
"P07090",14379177
"P08475",14017037
"P02125",14338034
"P07915",18895781
"P06139",8614330
"P03073",5279437
"P08441",10282240
"P01565",9467915
"P00791",9332397
"P06751",12027391
"P04554",13536900
"P03839",6923958
"P01409",11037526
"P07431",12604282
"P03489",11993693
"P06387",8597426
"P06779",8522166
"P01889",8273919
"P06149",13215466
"P08873",13467592
"P03425",15003828
"P09806",9057060
"P04345",11155312
"P04042",13895513
"P09781",7855790
"P00254",15075903
"P09091",12934948
"P04061",9532217
"P06644",6312237
"P08517",12740749
"P07492",10954794
"P04452",16305882
"P08144",9497051
"P02854",5728079
"P04835",8851374
"P00455",13034553
"P07396",7644938
"P07777",7170569
"P05423",9551816
"P05820",18450678
"P01309",8329889
"P04343",5890696
"P05167",6925759
"P03621",7181089
"P01131",19251858
"P04092",5616103
"P07035",8296385
"P04257",11055630
"P00928",14721392
"P09597",9332491
"P09744",15319492
"P08951",7252245
"P03143",7842338
"P00062",6456595
"P06406",10240643
"P07835",8409189
"P00485",8575820
"P09288",12704397
"P04002",8988488
"P04853",10002850
"P03361",10035770
"P05281",8365566
"P06568",11955688
"P07595",7941802
"P02829",18533852
"P03226",7374507
"P03068",15198136
"P04223",7679339
"P01682",6841626
"P01342",6972132
"P01954",11024119
"P03346",11839707
"P06090",7165727
"P08664",9120694
"P02701",12213071
"P03668",13226435
"P05791",7321179
"P04571",7397377
"P04306",10995301
"P06965",11374905
"P00968",11749229
"P07351",10442636
"P07627",14098923
"P02263",5444101
"P00900",7927652
"P05532",9802631
"P02420",11153312
"P02948",10603874
"P02449",8930511
"P04555",9528931
"P08461",16442645
"P03817",10944490
"P01194",14714504
"P00096",14440438
"P06955",10224299
"P07375",9950480
"P01198",9920521
"P06393",6957993
"P00973",20119395
"P08413",15999649
"P08452",10913212
"P05808",18329732
"P01732",9744153
"P03265",8505200
"P09269",14855297
"P02005",12443085
"P09884",9028449
"P03077",10118907
"P02144",12215975
"P01972",6246156
"P03272",20107343
"P04748",12592007
"P09255",14789564
"P02072",11891407
"P05111",18683166
"P05943",12201410
"P04135",15707662
"P03351",9077339
"P02627",10479468
"P02406",9684845
"P05640",9760472
"P09231",12102583
"P06390",8383725
"P08275",10533225
"P00571",7524463
"P03094",15349524
"P02145",15235829
"P01403",11578246
"P00398",9465816
"P05079",11929689
"P08844",11729402
"P05122",13697150
"P02734",13612493
"P07188",14711743
"P05561",13306264
"P00652",12254764
"P01072",9730888
"P00385",8926208
"P05519",10012147
"P01410",8144244
"P05804",6526119
"P07515",10646844
"P00691",7989362
"P03592",7438403
"P09493",13426849
"P04172",7663956
"P01605",9427565
"P03956",6390475
"P05076",8468083
"P05695",12692943
"P00993",12108711
"P02468",9737625
"P06320",4138797
"P02001",13054351
"P08770",9163029
"P00229",16980656
"P06646",11306266
"P04466",8083225
"P05793",7484252
"P01750",11420539
"P09131",7977815
"P02168",8695030
"P02511",6194030
"P07343",9243481
"P01376",21473964
"P07422",13342050
"P01769",8836190
"P08586",8569888
"P06488",6719598
"P01230",7781525
"P02908",6885286
"P08831",19084224
"P03288",14119592
"P00680",5615741
"P02031",7736833
"P04875",6099333
"P07956",12086494
"P08447",8926683
"P05865",9448216
"P09672",14450969
"P09920",8183500
"P04910",7604329
"P00162",13974650
"P01825",9440790
"P05292",7793480
"P02712",12650238
"P07747",8352026
"P07472",12596745
"P00068",12330808
"P00750",16577249
"P01938",12249950
"P08240",7972002
"P05994",8661748
"P00744",11329188
"P00792",13119469
"P04083",6269876
"P01744",13125819
"P03503",12729004
"P04256",7193792
"P05332",8869249
"P04078",10276081
"P06574",17469576
"P04752",11161634
"P03316",13844880
"P07291",10260276
"P07280",12169395
"P04397",7908278
"P02025",12938503
"P09003",15450763
"P03088",8953478
"P05216",16956641
"P00823",11789692
"P07932",19834196
"P02680",13306576
"P03407",11720832
"P06860",14033379
"P06832",8358641
"P00361",17389314
"P06394",9161876
"P03881",8569642
"P02725",8245794
"P00544",14513924
"P08809",10914891
"P02307",9388913
"P08485",9290495
"P09159",13574263
"P01398",10496739
"P02495",7033116
"P08769",9437512
"P00458",11908241
"P05850",19542218
"P06648",8423124
"P05003",7681997
"P03602",14671994
"P03201",8972026
"P00489",10617730
"P06958",8436069
"P04750",10401355
"P06660",9921081
"P04403",12443305
"P04175",10850811
"P07433",11697351
"P03525",9263141
"P09373",6571262
"P05845",8676229
"P05717",9056388
"P00953",10993029
"P01301",12317258
"P07032",6921860
"P09312",7905565
"P02357",10946868
"P00029",12597924
"P06760",11005085
"P03206",11114883
"P08261",11366462
"P07838",14157855
"P03558",11168477
"P03700",7191454
"P06412",12829955
"P04043",11633825
"P03850",9137714
"P05426",6888988
"P00178",8698304
"P03363",11508133
"P01018",13683045
"P00572",9244126
"P02373",13179057
"P04813",7786452
"P05372",4948017
"P04285",9985335
"P00459",13933957
"P02208",6290888
"P08567",8156869
"P07415",22301962
"P02413",9351473
"P02586",7825926
"P05842",9816003
"P05225",13695922
"P03024",9098054
"P04596",3981394
"P01389",14814010
"P03708",7724740
"P08783",9619139
"P06624",14296400
"P02243",17186935
"P00020",5740562
"P05876",8112066
"P07232",8441439
"P02855",10102083
"P09303",9672449
"P02015",8944655
"P05454",13335124
"P07348",12069553
"P03637",11638948
"P00263",7698770
"P02270",12917870
"P06691",7517524
"P04068",6970889
"P04812",7559422
"P05806",15846619
"P08297",8650482
"P09086",20328808
"P00775",10487416
"P06970",15484764
"P07630",9972608
"P06558",4013119
"P01847",12281821
"P04412",6607375
"P05028",9013539
"P04089",4369015
"P03672",9947480
"P05147",7913485
"P08288",11424887
"P01330",11528233
"P04020",10815603
"P07516",10063977
"P03129",13661259
"P07204",13518225
"P02045",9798167
"P08996",15452405
"P00574",9873234
"P02149",10805810
"P09851",15727491
"P00509",22424769
"P00136",19865794
"P02618",13601543
"P07265",8505637
"P00855",14998068
"P03046",7360677
"P10026",9248339
"P00177",8683653
"P09301",7751785
"P03284",8854139
"P06088",7825146
"P01106",7988329
"P05623",11448628
"P01357",19147355
"P00215",16613214
"P05023",18356188
"P02983",7805693
"P05782",8999625
"P05733",15331097
"P02670",9152079
"P08342",8443022
"P09732",13587809
"P05262",12006017
"P05661",8566230
"P07639",12448120
"P08096",12308300
"P09511",14764031
"P00822",11199841
"P06290",8864323
"P06505",11545694
"P07653",9257525
"P06447",20652129
"P04980",8312990
"P05638",13941260
"P07544",8670482
"P01335",10703941
"P05311",8392050
"P03627",8612361
"P03784",6399186
"P01464",12517786
"P01171",10566467
"P07123",9899125
"P09662",15534310
"P03540",8534728
"P05302",6361557
"P08705",8984352
"P06665",6696121
"P04037",10615974
"P00325",9200347
"P08837",12386993
"P05445",13000966
"P00292",8549420
"P05044",10960253
"P03002",6150028
"P05551",10137388
"P01037",20322237
"P02316",7280215
"P07532",16624799
"P02051",12403675
"P00817",12149967
"P05975",8743321
"P09942",6940957
"P00488",11557459
"P03977",8582148
"P07179",12698661
"P04074",8833841
"P04318",13967736
"P07771",10708462
"P06431",12906799
"P00647",13505336
"P03725",13035571
"P00359",14349712
"P03884",5680744
"P04772",6980514
"P04202",7447173
"P07384",11099481
"P09375",7707932
"P02603",9739772
"P05744",12734627
"P00454",8988292
"P03580",10077598
"P01351",10786799
"P05632",8136915
"P02658",13065617
"P03487",11385888
"P05745",7236865
"P08616",20057663
"P00575",10291190
"P00782",11551530
"P09266",5032881
"P05541",9473291
"P07213",12005462
"P03123",7004362
"P01741",8617762
"P04336",9389109
"P02060",19122402
"P04800",11271939
"P01707",7021946
"P06617",6874690
"P08260",11121239
"P07352",13092289
"P01510",4948594
"P06564",13068338
"P08889",9348996
"P07268",11595854
"P08641",12449924
"P03743",8317600
"P08861",9404434
"P07687",9184442
"P06080",6016446
"P01691",7609436
"P03308",6113188
"P00113",10545259
"P04949",8380570
"P04243",9542845
"P04199",11995278
"P02919",14942894
"P06267",7444163
"P07383",14482372
"P05429",13740386
"P07746",9612399
"P08241",13847315
"P00774",9676373
"P02143",14684042
"P00054",15425489
"P05676",10125615
"P05875",5206618
"P05395",11156755
"P07026",8170589
"P09598",8894946
"P09339",20473164
"P03381",9275409
"P08655",14107023
"P02719",6729025
"P06426",11249261
"P06890",13258194
"P02086",8351314
"P00830",6352971
"P06941",16502486
"P02557",11536643
"P07158",14398192
"P08899",9143631
"P10027",8716679
"P03382",2953466
"P02619",10503914
"P01966",14586501
"P01898",16307726
"P08328",14182704
"P08153",10627433
"P03374",7305574
"P02884",9866703
"P04956",7347430
"P03101",8534995
"P02129",10354129
"P08409",14071217
"P04789",9195749
"P06595",13838253
"P08818",19641425
"P00049",18176500
"P08666",12870507
"P05554",11946279
"P07193",13434151
"P09408",9705154
"P04719",11575044
"P04932",7539950
"P08708",20445001
"P02340",13366435
"P03249",12336742
"P06831",9572156
"P08001",7292258
"P03973",4412866
"P00444",10547240
"P04158",8988062
"P05855",14487102
"P07262",11982533
"P05559",5648111
"P05021",8814783
"P04934",17729595
"P04829",7164655
"P00660",9015574
"P03892",13639376
"P01406",9248492
"P01094",8889476
"P05683",10697451
"P07631",8642111
"P00484",18874980
"P05440",6481923
"P04666",13856940
"P08189",8449600
"P09308",6130026
"P05750",9383929
"P00197",11191596
"P01039",10236697
"P09092",7784273
"P06411",9521627
"P04634",7773787
"P09504",19561670
"P01248",7337228
"P00972",12900483
"P00715",11902110
"P02242",11546188
"P07921",8065494
"P00696",14121526
"P08880",9382867
"P07657",6639631
"P06355",6366890
"P06033",7102563
"P00383",6762864
"P09085",18095766
"P06524",8281136
"P01567",11639248
"P09132",7353478
"P00940",12554953
"P08171",20545773
"P00456",12128692
"P04128",6616287
"P02328",13329153
"P00793",13709694
"P02409",8503520
"P01064",13222134
"P05038",11940560
"P05479",8432495
"P00326",8707043
"P00974",7714846
"P05278",11169191
"P08168",9538933
"P05103",13609026
"P04646",9385288
"P08299",11528906
"P00859",11665755
"P02708",4726299
"P09223",9177545
"P03765",8276640
"P03835",13597312
"P02787",12882595
"P00567",20270081
"P01184",20714693
"P04181",8956535
"P01221",12863884
"P09360",8158735
"P07530",11513340
"P04603",7103691
"P01306",8813770
"P08283",19801241
"P05162",11269567
"P09889",10944251
"P09432",9298943
"P01524",18518021
"P07172",14275204
"P03266",7182199
"P07889",9848616
"P04431",7084787
"P01797",9269780
"P00268",13246768
"P08897",11839583
"P04788",7602311
"P08215",10432683
"P03595",9478171
"P01202",13420137
"P01297",15003776
"P00618",12877797
"P05952",14034288
"P00102",14793245
"P09921",15576440
"P09040",14899319
"P01561",18983265
"P03040",12131093
"P01726",9604367
"P08303",13149045
"P08679",7810775
"P00044",13941707
"P03533",6619456
"P04424",9620313
"P04909",13956637
"P00235",11432159
"P05419",8469560
"P05054",10105564
"P03596",6934545
"P07307",12539168
"P05807",9192593
"P05815",5263250
"P09586",12724608
"P07811",7898134
"P06349",6916141
"P02253",10106656
"P02795",12147294
"P06160",2496965
"P00762",19451031
"P00731",13468922
"P02460",8828890
"P03135",16014858
"P00013",10007934
"P02202",8418082
"P05706",18347055
"P06135",8187393
"P05349",12012866
"P06331",6972936
"P03673",10990786
"P07108",9168580
"P03471",9651714
"P06194",8765473
"P05433",6256129
"P03263",10773944
"P05463",9901558
"P02095",8270241
"P04411",3856919
"P02266",12411305
"P04589",6031894
"P02187",12807410
"P03438",10847885
"P09224",8481877
"P08410",9121850
"P09790",9283941
"P09729",10687895
"P04857",9098560
"P06887",12063048
"P04640",8956699
"P00207",9663720
"P03508",6806543
"P05938",5970034
"P03547",14499082
"P05288",6001499
"P05420",4756303
"P02326",12093778
"P06785",8835684
"P07151",11509562
"P04014",13958216
"P08263",10499448
"P07365",13488288
"P09960",9350490
"P02196",8623739
"P07441",8565592
"P09069",14309435
"P05937",7712870
"P05930",9834008
"P01100",11318284
"P03395",10977792
"P07971",9450118
"P04746",10206904
"P08162",11267862
"P07666",7936273
"P04537",8257124
"P03593",13797450
"P01054",13548640
"P07884",14833550
"P01290",10564813
"P00320",16974100
"P04621",7040520
"P03877",17992601
"P06541",11312173
"P08952",7724793
"P04902",7201448
"P01800",9037380
"P08866",13412736
"P04898",7873795
"P09112",10338596
"P04962",11832843
"P09567",13979012
"P04072",9642219
"P07859",13644562
"P09852",10400088
"P09042",14336298
"P01141",9460598
"P00805",9981974
"P05860",21398537
"P03638",17485175
"P05972",13486451
"P09829",17112686
"P07286",10085403
"P01416",8307312
"P02104",8120164
"P03028",8026980
"P07450",8239375
"P08176",9089614
"P06305",8184636
"P01242",13720478
"P02341",9703323
"P01842",6206552
"P06403",8829016
"P07301",8825050
"P09454",7553510
"P02514",5376093
"P01440",10678441
"P07960",11208132
"P07390",9024464
"P08137",11308343
"P02599",10922005
"P07625",8530314
"P07970",13454692
"P00038",12690912
"P07030",9765664
"P03591",12242623
"P00492",8992461
"P05265",12377180
"P09261",8205504
"P09858",9584939
"P04062",5146703
"P00260",15250208
"P01610",8312286
"P05645",9030576
"P00336",15897237
"P07797",11392478
"P02312",12460702
"P04276",10972833
"P05730",14277346
"P02704",19546997
"P00232",7160145
"P07615",7701864
"P06795",13205233
"P06949",8183183
"P04559",12984131
"P05689",11038861
"P04881",19063606
"P05848",9415844
"P05839",10676825
"P04496",16057447
"P08638",21606667
"P09949",10107832
"P09995",10235025
"P08243",9873626
"P02538",10549656
"P07590",10662898
"P00710",15323653
"P02942",9516001
"P03092",7698067
"P07694",10786814
"P03788",7886262
"P08111",8422948
"P09810",13075629
"P06309",14495539
"P02728",9530113
"P07655",11550383
"P00124",11079618
"P02546",12494198
"P08013",21126237
"P01044",12083164
"P02295",9016585
"P10011",13820085
"P08259",8518449
"P01716",9051805
"P04251",4183976
"P08497",12966714
"P00835",7910462
"P00996",9731449
"P09897",9971502
"P05993",18565266
"P09757",9693851
"P04654",12742685
"P03643",11823875
"P05939",18248521
"P01192",13319927
"P03238",13387312
"P05146",9809263
"P07037",11392693
"P07214",13951600
"P01461",10041810
"P01648",5431519
"P02175",12511291
"P04120",6566751
"P05988",11117541
"P05721",11594547
"P04464",18294662
"P01630",5842571
"P00091",10671033
"P09356",8487881
"P02683",9224178
"P03759",12197099
"P06093",9328926
"P03388",12993721
"P09467",4596071
"P09859",9011679
"P09609",11919016
"P04896",10301443
"P05949",13284761
"P02002",5253661
"P06714",10406611
"P08095",13552443
"P01638",10480993
"P00202",10797077
"P01621",10366240
"P09424",8784444
"P00490",12862830
"P04205",12405016
"P02379",13384300
"P06620",11648569
"P09646",14367499
"P05688",10503312
"P08878",6753807
"P01466",12209240
"P01940",5240586
"P09840",15123615
"P03990",14569826
"P09602",8755653
"P09774",10158566
"P06268",9148757
"P04017",6579553
"P06385",10060459
"P00024",8952696
"P02663",9666347
"P03312",12298229
"P04039",10786626
"P08623",7404695
"P02068",11955799
"P00985",19701413
"P01659",11622827
"P00104",19444510
"P02958",12438895
"P07934",15786751
"P00440",15003838
"P02043",12283624
"P04689",14303183
"P02836",8438618
"P06335",10431913
"P08934",8103428
"P04671",12776858
"P05317",2938960
"P03701",8993548
"P06070",20580827
"P08116",6293238
"P05140",8420311
"P01373",11778160
"P02628",11157545
"P04773",7482554
"P09842",16347126
"P03099",15435440
"P09083",13891518
"P03650",17934469
"P03539",9377888
"P03275",4406988
"P03380",13456245
"P03937",4979401
"P08991",19393766
"P00497",11295499
"P00592",9172405
"P06365",11470983
"P00271",12232490
"P03477",6753990
"P05922",8938295
"P08761",12487623
"P08734",10073202
"P08183",7386093
"P07804",12876637
"P05385",4601153
"P02614",8605841
"P03042",7251904
"P07999",12576946
"P08510",10888851
"P00318",12739641
"P03605",13016189
"P00417",18842010
"P07324",22240019
"P07491",11530500
"P01969",12797071
"P03364",13634352
"P04864",4792385
"P06176",9171242
"P05545",10252642
"P04265",17512581
"P09759",6708672
"P01311",13897057
"P08957",12061032
"P05178",8008357
"P05903",5877174
"P08204",14170732
"P09487",7272827
"P00333",7849360
"P04429",2962616
"P08606",8202046
"P08521",18155334
"P01348",7063939
"P09547",14837649
"P01228",13820622
"P03920",11318206
"P06086",12716810
"P00059",8598273
"P02949",6657427
"P06025",5787814
"P03424",13512888
"P05089",11799241
"P00348",11173904
"P09247",7680086
"P04547",13063967
"P07493",22087376
"P07052",12326922
"P09442",12504710
"P06829",19597717
"P06388",10560543
"P04985",13046166
"P02152",10527155
"P01764",20568934
"P02666",11437164
"P01696",9600175
"P02821",11913102
"P09878",10613404
"P03075",6512508
"P08563",6281614
"P07271",9710794
"P03483",17121272
"P09437",10133146
"P02491",11855851
"P04193",9907478
"P09716",9851816
"P05887",6695451
"P04454",9621638
"P06170",5664061
"P03530",13768572
"P09877",10093486
"P06852",15594877
"P05933",13329108
"P00657",8253135
"P06748",9817688
"P07013",8519003
"P05649",12542617
"P06061",10641921
"P02790",11361246
"P02410",14901626
"P09249",14246753
"P09635",12399104
"P08185",11291946
"P03057",6281110
"P00799",13427825
"P01960",17770372
"P06526",7591305
"P04692",5492300
"P01304",13430758
"P05581",12388032
"P07533",8113314
"P06659",12133602
"P03632",5429458
"P09125",9719311
"P06024",8698251
"P08040",20287381
"P03695",8834611
"P04735",7922237
"P03843",16563734
"P09133",11603194
"P01261",11742722
"P07336",9097844
"P09251",11912832
"P08057",6827396
"P04183",11899853
"P05828",7834567
"P04321",6540383
"P06605",16400708
"P02259",11311012
"P02766",7018497
"P04539",8892159
"P09323",7431810
"P01776",12451434
"P04169",9047943
"P09334",6387359
"P06849",8099840
"P01547",7363237
"P09667",12207906
"P05792",7691462
"P02909",12490923
"P01540",6080367
"P02224",7766892
"P08378",12577093
"P09647",13633697
"P09752",9287615
"P05337",5087098
"P09532",9376478
"P01637",10981985
"P04036",10611854
"P05462",8367194
"P09955",14547060
"P07991",12134614
"P05982",10597128
"P00547",8526917
"P09045",14701868
"P05977",12817501
"P09331",7833226
"P06474",6261902
"P00365",9059904
"P09641",9477141
"P06362",14203050
"P06140",7910936
"P00077",8446609
"P02277",12078400
"P03390",15338826
"P03402",14436834
"P04776",12199878
"P00540",7409361
"P09587",12372802
"P00313",14982273
"P01300",5877323
"P07577",15502533
"P03039",13579234
"P05207",7914997
"P09494",9505264
"P08403",8636101
"P06502",6451379
"P06493",10791052
"P00672",11839350
"P07302",13723871
"P09543",7927494
"P04767",9972183
"P00619",12204022
"P01077",7743936
"P07886",5617817
"P01870",11664400
"P04065",19301914
"P00436",11056177
"P02284",14629735
"P06897",13159884
"P08502",20020158
"P09678",7627095
"P02345",8629601
"P09644",9859465
"P04488",6070781
"P09096",11841679
"P04030",12489422
"P08949",10590116
"P08218",9350180
"P03375",8057342
"P00946",8420973
"P08398",15195463
"P08993",12523999
"P03514",9863230
"P02315",5446641
"P02610",6899405
"P01214",11855444
"P06059",12349907
"P00462",13264410
"P06921",13705600
"P06800",6811990
"P04267",9906040
"P00179",19863301
"P01729",12495454
"P03269",9420183
"P02808",10854514
"P00349",7831030
"P05032",14882522
"P09747",10983746
"P10020",12444791
"P07162",9916039
"P04166",12043873
"P06777",13106035
"P05497",6397890
"P08354",14751042
"P02912",7871598
"P06021",7498218
"P09364",13143024
"P00693",17964603
"P00605",13114741
"P04149",7355164
"P03647",11086219
"P09228",12843701
"P03742",7319299
"P04327",20727052
"P09982",12961036
"P08632",8814245
"P01126",12788679
"P03480",9402353
"P04361",8851421
"P08349",10943293
"P04425",10189888
"P09455",10767416
"P03095",8217285
"P04349",17636685
"P08219",6730485
"P04517",6240278
"P00523",14557093
"P07874",12723373
"P09907",10480883
"P05273",9147274
"P08515",12572319
"P04996",14032336
"P04155",6817466
"P09535",11056448
"P07983",9218759
"P07289",7800253
"P02058",13748558
"P08222",9484445
"P00923",21989554
"P09081",9733073
"P04495",4838628
"P04133",8481221
"P08946",8164190
"P06224",7261846
"P04469",8216651
"P01839",12305574
"P01436",11963821
"P04224",5204624
"P04313",8660892
"P00208",7601149
"P04491",9741974
"P09160",16136684
"P04937",8898925
"P08542",10885573
"P01040",6590542
"P00206",7200285
"P01945",8547964
"P07148",8280386
"P04097",7648181
"P03434",14885337
"P00437",11758843
"P06956",7360272
"P05376",8555172
"P02731",8012872
"P07895",12795076
"P03804",7183516
"P05220",15299869
"P08555",7911495
"P03209",9327768
"P01819",12072373
"P07646",9453381
"P00344",9079029
"P04587",14345802
"P09753",7095519
"P08425",9492890
"P05084",8832866
"P03563",7435600
"P01594",6572111
"P02339",10293211
"P05555",9572046
"P04721",6936201
"P04093",9296476
"P08089",14455281
"P09378",7266124
"P07421",10835930
"P01759",5929402
"P07167",9352085
"P08437",7001457
"P04886",7805043
"P01479",7106085
"P02773",12999083
"P08470",11410382
"P02635",13163989
"P07872",19687116
"P03756",12001156
"P09216",6732026
"P05141",8232610
"P01509",13355519
"P09721",12960401
"P06471",8925924
"P07114",9486623
"P07201",9624735
"P07279",16480999
"P03204",19394837
"P08892",8787361
"P02337",12403377
"P02354",13731440
"P05088",7236022
"P04908",7795774
"P07238",10652935
"P04781",8695876
"P05692",11493009
"P05453",9061709
"P05143",7528241
"P07168",17985985
"P09853",15050714
"P08595",14767462
"P05012",10385080
"P00439",12986903
"P09120",12271941
"P03886",13724871
"P02535",12686319
"P00265",13353140
"P07202",12931486
"P05788",8606665
"P04560",6684931
"P09735",13821472
"P02017",11479561
"P08556",9286699
"P07464",12501653
"P01730",11826793
"P06056",12191192
"P02569",12459511
"P02742",7797906
"P03291",18649540
"P05070",12178766
"P05397",9447225
"P06672",18247908
"P09063",13366868
"P03478",12357738
"P01872",12684821
"P05603",12362314
"P03466",17657671
"P05441",8256247
"P08898",14144810
"P03245",9411515
"P02998",10475212
"P04449",21771276
"P03862",4675889
"P02804",7798745
"P07671",8136142
"P00117",19976116
"P01553",9603106
"P00447",8324716
"P06178",8270928
"P03984",9126637
"P04693",6781544
"P00060",21530478
"P05115",13697060
"P00083",13006803
"P08198",7451803
"P05593",7531141
"P04261",12602221
"P09233",17909639
"P00273",11418971
"P08100",15991511
"P05204",19372281
"P03227",3660706
"P07378",10693099
"P06105",12355464
"P08922",14325997
"P00503",10427862
"P07943",7788997
"P08807",14186373
"P06960",9282848
"P07964",14403998
"P01877",8224626
"P07498",10215459
"P00950",8776880
"P02037",9088551
"P02967",11388725
"P02707",6044222
"P04395",15989227
"P07215",15990858
"P05901",10970825
"P02962",14249966
"P09674",14523528
"P01273",11930046
"P06882",19976260
"P03965",13505150
"P09171",10466585
"P03192",4518196
"P05892",10647530
"P00287",9359795
"P07008",7979626
"P08605",9388722
"P03692",9517422
"P07403",11407922
"P03515",8597910
"P06680",11115193
"P02182",4795745
"P06408",12990369
"P00536",14767244
"P06357",7491875
"P08276",11962058
"P03412",18927213
"P03488",13326045
"P03320",12156712
"P08043",8539482
"P08239",9798457
"P02211",10795695
"P00116",6407871
"P02342",13701694
"P04287",7153897
"P00173",9206191
"P03475",5925665
"P05235",5740382
"P00543",12852450
"P00862",12838143
"P00415",12295263
"P06233",4829301
"P08067",14269450
"P02978",6017655
"P06428",10095145
"P00527",9776515
"P04738",11860574
"P08678",10153068
"P07665",10042810
"P01811",4862246
"P07791",10572715
"P00926",13253059
"P07298",8093532
"P00613",12206368
"P00804",7614799
"P01664",8616788
"P00875",11293719
"P07977",16025611
"P08684",12769588
"P05628",10494048
"P06503",13498579
"P06618",11503189
"P05831",11352339
"P03735",10604084
"P05393",6660230
"P08725",13211302
"P08986",9412233
"P05732",9991650
"P07106",11632590
"P04966",6498358
"P06032",8941688
"P03169",13022164
"P01010",7879082
"P04731",14746732
"P05931",13718178
"P00080",18058882
"P01233",12031922
"P05758",11857981
"P04623",6363159
"P02780",15042754
"P07944",10345576
"P07763",14026081
"P04940",10875489
"P06282",15089193
"P01075",13062114
"P05871",21661842
"P07329",10863526
"P05001",8026886
"P10022",11113128
"P06523",14689016
"P03300",11485518
"P08870",10457550
"P10004",10915676
"P03535",11494284
"P07719",7673712
"P08302",13734114
"P02301",8896403
"P00866",11132904
"P08978",12884877
"P09913",12247097
"P00698",12388724
"P00681",10076243
"P06060",9896885
"P02859",5601691
"P08762",10858904
"P07733",14605893
"P05681",12214598
"P04094",14907351
"P06480",10585672
"P06442",11101402
"P05811",4753838
"P04049",13454631
"P01003",11824719
"P08850",7478125
"P01338",12176407
"P06701",14320988
"P07076",12634971
"P06619",10988699
"P09518",8788449
"P01899",12072499
"P00369",19392618
"P04747",7458266
"P08920",13453225
"P03097",12784124
"P07288",10611108
"P09209",8361599
"P04757",8602622
"P03907",5541376
"P04150",10088508
"P04581",13684317
"P09801",10257968
"P06725",6397150
"P06575",8533390
"P04359",9452236
"P02256",8027494
"P06927",12127286
"P08233",10627783
"P00991",7978143
"P06872",8396591
"P03894",10739021
"P04174",15633184
"P03045",8268864
"P02375",14728680
"P06402",9095792
"P05998",11647434
"P06743",12716471
"P04255",5324365
"P09341",8832684
"P03214",13096618
"P06425",8381187
"P01245",8698226
"P08200",12239502
"P08833",9859358
"P00761",13480713
"P00406",12855917
"P02036",5327438
"P07043",13117229
"P04404",10401106
"P06190",5484868
"P08366",8893400
"P08404",13098192
"P01830",8703047
"P00933",14509031
"P01717",10881185
"P08680",10372786
"P07549",14288818
"P02510",7102541
"P03134",6575860
"P07843",10573020
"P01134",8021533
"P04308",10408443
"P08087",16972027
"P03518",5688090
"P09410",18027270
"P05816",7599603
"P06778",17158986
"P08346",10679615
"P08397",7550238
"P07486",10242789
"P09848",12460986
"P02150",4261485
"P04461",12301315
"P06074",9921588
"P09844",9582075
"P08741",12969498
"P01079",6044749
"P04787",10956745
"P00772",10641150
"P09306",10231288
"P03131",4959096
"P05294",14211012
"P04381",19230561
"P06430",8906350
"P02625",3934120
"P01562",16773514
"P08637",10874561
"P09062",8071327
"P05889",5312806
"P06397",8263794
"P06607",9695008
"P02509",5961711
"P08594",20168413
"P04337",4614948
"P00795",10755166
"P02923",7377519
"P09082",8673882
"P03826",8401118
"P09002",21473702
"P06451",8733223
"P09236",6754745
"P08758",8578453
"P09695",13405434
"P03079",10997398
"P03624",4318224
"P03859",6378559
"P08675",11954586
"P08549",4138165
"P01581",14387502
"P06563",8952771
"P04368",7317850
"P07757",21084281
"P09071",9990440
"P02639",9341384
"P04282",9079513
"P09428",10381864
"P09682",8557572
"P03100",6929338
"P01136",10783167
"P02427",8252998
"P01996",6048303
"P07482",10530708
"P09630",10140877
"P05324",3586909
"P08847",11297268
"P05643",8688339
"P09184",11809342
"P02318",13601496
"P00737",10978158
"P07146",9670320
"P07326",13406206
"P01199",11724759
"P08365",16230943
"P09749",16460509
"P00094",19324629
"P08750",10069145
"P03467",9069890
"P09022",7502316
"P06580",14039848
"P01138",18943548
"P08525",12857387
"P02837",11798560
"P03321",13168587
"P08491",10532567
"P04231",6801080
"P08498",7940207
"P07710",14329566
"P03856",8743161
"P09797",14077119
"P04511",11441152
"P05527",10576437
"P00457",14007100
"P01262",9806023
"P09072",10139497
"P00065",12281647
"P06658",16395695
"P02700",9502040
"P09789",17077223
"P03398",12364030
"P06823",15966299
"P03155",12664455
"P01414",9765558
"P03667",7775245
"P02566",11261806
"P03799",8381110
"P04876",13384414
"P05588",7143503
"P01271",9691731
"P00496",12573843
"P07470",9749150
"P01977",22018104
"P02199",7817522
"P00588",11379930
"P02059",12212713
"P01169",9229949
"P07610",8729304
"P04960",8352986
"P08074",10121878
"P09988",9716843
"P04918",10274606
"P06023",6841060
"P05019",6900494
"P06765",10401521
"P04116",11071651
"P06702",18996540
"P02358",10678860
"P01130",9185511
"P02592",8777607
"P05062",9764146
"P05574",7231169
"P07220",14224415
"P00581",8035276
"P07059",7793557
"P06468",9447250
"P01556",9503561
"P02282",10737969
"P08871",9218262
"P04669",7946364
"P07045",8673462
"P07064",17821424
"P07584",10978460
"P01494",14477243
"P04687",9849850
"P01740",7187535
"P10030",12382117
"P09421",8468362
"P07115",9134491
"P08172",9499345
"P04848",6674027
"P04945",6080518
"P08379",11065921
"P04780",4757610
"P03824",9880648
"P07832",14410826
"P00155",9362672
"P01677",10565518
"P09895",15843634
"P08022",12360394
"P02697",15263316
"P01144",21125027
"P08687",15651012
"P05878",6805433
"P04309",7260621
"P09938",16431440
"P02042",10503234
"P03215",10032401
"P00736",17708655
"P00198",14493798
"P05911",18307654
"P01197",13531547
"P03268",11175263
"P02812",11532986
"P02446",7013452
"P07276",13099956
"P03801",5546052
"P08046",14280495
"P08671",9003994
"P09873",10283454
"P09954",14636853
"P09006",17292412
"P08704",18389830
"P04905",11457320
"P03306",9518804
"P06372",11421544
"P01441",10187177
"P04964",10380426
"P00999",14524404
"P09227",15121670
"P09820",10099731
"P09118",13300972
"P05368",7434867
"P02122",20597247
"P07918",10103210
"P04162",10114048
"P05361",5252642
"P06284",10371256
"P02214",10795658
"P09155",21059930
"P03677",12454296
"P07476",9023860
"P01731",13368306
"P07305",8796333
"P03832",11938081
"P02213",17327334
"P04635",13863195
"P07702",8143977
"P04659",8253496
"P01211",12767359
"P04990",18991222
"P08721",9850256
"P08484",15410474
"P05016",19906563
"P02474",19174816
"P06371",13117361
"P03280",7146660
"P05026",6228375
"P07426",13155962
"P04408",12817316
"P03354",18073344
"P01894",12538621
"P02333",8170086
"P07799",18903329
"P07154",8865579
"P02400",15880526
"P06162",9255019
"P00309",12541241
"P04969",5006933
"P07230",14772536
"P01289",14924833
"P09865",9742938
"P02430",10420079
"P06868",14291367
"P08654",9352221
"P06566",7131569
"P07715",10892684
"P02250",9201228
"P08124",13511850
"P09857",9592049
"P01366",12830790
"P09181",21079089
"P08627",13898426
"P01204",13473195
"P07240",9830346
"P02415",6452025
"P06520",8101546
"P03740",3820412
"P06731",9488691
"P03863",8461111
"P00690",19840191
"P07223",9631492
"P03212",6055324
"P03952",9988764
"P03035",8370595
"P08453",7880977
"P04143",15081126
"P03456",11820215
"P06420",7101977
"P00676",12134513
"P01611",7752189
"P07700",18565648
"P05678",15162788
"P03313",13870696
"P08900",10709483
"P09795",13749100
"P00424",10536523
"P09232",8952521
"P01229",13255131
"P05061",15602805
"P00689",9025206
"P09150",7980277
"P03744",13342150
"P03697",12601318
"P02226",12167915
"P04289",4011627
"P09693",9167221
"P02329",10359350
"P02281",9995830
"P00752",15205674
"P06885",12654704
"P01980",6248618
"P02414",14033970
"P01292",17405801
"P07559",10108067
"P05881",7804017
"P02782",7541737
"P05585",4878807
"P03971",18463590
"P04184",9641918
"P09637",10007623
"P00258",13762583
"P09480",15603210
"P09465",8224846
"P08446",13574197
"P04210",14224339
"P09346",11200259
"P00379",10945415
"P04546",9553131
"P00556",13801912
"P00797",16119407
"P01841",16855620
"P06584",20622585
"P08021",22421397
"P06710",8466352
"P09525",10721466
"P09097",11066063
"P09605",14505541
"P02035",4670084
"P03309",11989261
"P08139",9133237
"P01263",7906848
"P07981",8485655
"P08936",8278783
"P01453",12043249
"P04696",9432830
"P09310",9246974
"P06055",6154774
"P02444",7916790
"P05036",12302582
"P02847",11528189
"P05539",8010604
"P04301",15462689
"P04453",21398343
"P01001",11686184
"P09811",8830906
"P03218",9339489
"P09614",10334333
"P09254",11372111
"P03962",22796737
"P01269",10726972
"P08324",10104079
"P00519",12360372
"P05092",13692523
"P01591",12828106
"P02063",5006344
"P06918",10034027
"P04373",12563671
"P04540",12228683
"P01252",11251413
"P06490",8533809
"P05785",8527256
"P09989",15044427
"P07718",11155483
"P03371",12406680
"P08402",8646313
"P00648",12835873
"P00181",10220674
"P04372",12708239
"P07160",12442315
"P06863",13715719
"P00684",13220359
"P06134",8798881
"P08935",16657229
"P02869",8959032
"P05482",8133131
"P02939",10916985
"P04796",6965568
"P02200",13597487
"P04394",4037632
"P01890",12792210
"P04601",10075670
"P08489",10509806
"P07712",11158948
"P06697",17233068
"P07017",15756780
"P03082",6714740
"P07018",8407228
"P07394",7115122
"P09688",14488750
"P08187",11644342
"P04284",3957548
"P04152",8191502
"P06281",8609082
"P01805",7945826
"P06286",8667998
"P03241",9928271
"P06839",9034087
"P10025",11130405
"P04889",14934274
"P08213",17443760
"P04351",10757238
"P00798",21967926
"P08423",12313894
"P00885",14666880
"P02049",6786899
"P09286",11213239
"P08668",18207554
"P02525",10785089
"P02975",13174904
"P04545",8651484
"P02346",6790062
"P09850",13360038
"P01531",7144161
"P03285",7111411
"P09669",14349801
"P05075",4752455
"P01828",6352413
"P09219",13417052
"P03106",9604958
"P06014",15975498
"P03616",11051282
"P07837",9254984
"P08157",9926645
"P08092",9121619
"P04165",10541916
"P07743",14055437
"P02681",12090096
"P05206",11325348
"P02032",8290892
"P06819",13646474
"P00323",14557112
"P01858",8555103
"P07001",18499667
"P02924",10689768
"P07738",11675169
"P08886",10193844
"P05863",8336067
"P03872",10074002
"P09499",11841794
"P00090",7733320
"P04828",7996930
"P08064",14362626
"P04989",21163919
"P09053",13586835
"P05487",7279354
"P05116",6487753
"P03865",8316607
"P07675",14462743
"P06087",10108487
"P08914",13171577
"P06352",11006830
"P05188",9121657
"P07517",13666539
"P02563",6052994
"P04365",7187580
"P03427",11864485
"P00053",13491403
"P02407",7017513
"P09278",12670949
"P00819",8974863
"P02699",17979562
"P07315",18889631
"P03798",14355182
"P04858",9561601
"P05398",10961691
"P02732",12092723
"P07628",9465925
"P07796",10520032
"P01698",13825622
"P06322",11659494
"P00682",9777651
"P08483",11981978
"P00907",8766039
"P05457",5917592
"P05090",13088913
"P03120",4564195
"P02154",9831376
"P07896",12958697
"P09277",7738767
"P03444",7871413
"P04947",9025946
"P09792",9129082
"P00594",8639217
"P07296",9017774
"P04822",6892859
"P06151",9720649
"P02574",12391628
"P01962",12762862
"P00734",13515609
"P06456",15522734
"P09317",8908093
"P07087",13391075
"P00533",12470302
"P06905",12140178
"P08714",8559376
"P07452",9658820
"P02642",12339064
"P04838",14474891
"P04998",10117059
"P09966",14253609
"P06647",11778978
"P09156",8938352
"P02353",13893471
"P00428",11589596
"P04626",9971360
"P01274",7460251
"P08557",10741073
"P08180",12998188
"P01047",9626250
"P07316",6998314
"P00971",13655629
"P06497",9777456
"P02963",10499181
"P05716",11491208
"P01224",11547044
"P07785",5292437
"P02578",10969128
"P05583",18955291
"P03419",6971639
"P04396",12094688
"P09548",9493200
"P03482",4385869
"P06124",9460188
"P05411",6230739
"P04392",12460780
"P09025",13407363
"P01871",7759239
"P04161",9102466
"P06111",17750906
"P03948",10102252
"P09900",9991278
"P08280",18372478
"P07149",5533231
"P02981",11909415
"P05458",8646271
"P02835",10351633
"P06366",17725831
"P03750",8450015
"P08828",9503861
"P01532",12675906
"P08495",11971070
"P05071",10273101
"P01515",9141394
"P04214",5889139
"P08661",9568806
"P08073",9213681
"P07965",13839939
"P06258",13278207
"P03176",12773336
"P01486",10313852
"P06421",11515477
"P02467",7801189
"P09880",13597873
"P08551",10459996
"P04576",7872095
"P04220",8378914
"P02456",8404643
"P08036",9884896
"P08910",18284777
"P07186",9927858
"P07604",14235884
"P03935",13100516
"P08029",7802904
"P05677",17629687
"P03437",7248468
"P08631",18086593
"P03945",5121613
"P02826",9603899
"P04987",14517835
"P06510",6544779
"P00686",11954606
"P02161",6327383
"P08416",8577285
"P00381",10899983
"P08789",20901719
"P08106",9483956
"P07328",8339212
"P08341",7195463
"P01882",9404787
"P07465",13103607
"P07398",13293633
"P08097",11557367
"P01917",12099383
"P02889",13318219
"P08846",13553487
"P05148",12546872
"P08538",10245629
"P00788",10235747
"P02173",20673997
"P08242",9214218
"P01823",8378108
"P00222",12605318
"P02038",12302131
"P02612",8436013
"P08372",9378634
"P09326",13532381
"P09562",12955242
"P00876",8901831
"P05731",18138771
"P04111",14492915
"P04527",8588047
"P09430",8256276
"P04667",19344935
"P02870",21833242
"P09496",13688521
"P05664",9906394
"P09282",10292924
"P02260",11823294
"P04508",17665353
"P06802",11507796
"P04380",8683582
"P07227",14924353
"P03341",9037176
"P00131",14059325
"P00576",12053670
"P07166",14028800
"P06251",12387381
"P06237",13960866
"P01514",9658965
"P04007",12134941
"P06923",7835946
"P06633",9872580
"P09927",12740629
"P00997",7519638
"P07393",16048971
"P01587",9184992
"P07244",8577850
"P09172",21668674
"P08944",13559697
"P06147",10289525
"P07095",10856402
"P01019",21512448
"P03439",8839304
"P01612",7458669
"P06906",19243648
"P08532",8214113
"P07438",11058339
"P08759",8219414
"P07920",7469482
"P07766",11340960
"P04487",12610921
"P08719",12545473
"P01050",20314710
"P08834",9577912
"P01117",14136685
"P06383",4025933
"P08791",10450856
"P03327",10252027
"P08744",21591036
"P06197",6815720
"P10006",13664780
"P09926",9657661
"P01884",7983939
"P02777",9628735
"P07670",9571350
"P08093",7137835
"P00337",11967795
"P08727",13293317
"P02046",11101616
"P01930",13935599
"P09089",7235165
"P04003",6804590
"P00307",13630390
"P08432",12807905
"P04912",9256228
"P07728",11993543
"P01784",9082578
"P03567",11473007
"P09849",13742822
"P05587",11182613
"P03707",6519041
"P00291",7170518
"P03307",4955083
"P01702",11373582
"P02803",11379335
"P08652",8932959
"P06443",6274565
"P03910",9466415
"P06787",12565933
"P02405",10570106
"P06112",9920951
"P08694",7736865
"P05138",8664918
"P06405",8136440
"P00236",10479733
"P09253",7829879
"P08882",9740699
"P08424",18509181
"P08592",18910807
"P08212",9117260
"P01563",5919264
"P07821",18689536
"P02305",9034333
"P06679",13712261
"P07927",7919535
"P03010",10360450
"P02107",5828255
"P05388",9958141
"P03188",8535627
"P08112",5175683
"P07083",12992913
"P08629",11097476
"P02999",8621171
"P01396",7433907
"P02668",13250060
"P05694",7540507
"P03974",7869664
"P08041",10725307
"P02526",12976927
"P01434",9579919
"P01733",5340510
"P03961",13550028
"P08196",11384612
"P01765",18803140
"P02098",8997815
"P07761",9413790
"P09796",8968346
"P03600",9971196
"P02071",9104697
"P03919",7136384
"P10009",10167591
"P06377",12657483
"P09335",7571667
"P02539",10551422
"P06137",14220588
"P04419",12147591
"P07006",11306627
"P00129",10404276
"P07126",9932263
"P09731",9412645
"P00769",8178797
"P04457",11518312
"P09217",16056723
"P09645",7482076
"P04154",11327716
"P00872",13742033
"P08928",11700987
"P03933",5799579
"P06737",9962299
"P01595",7754093
"P05921",11624421
"P03649",14627419
"P05448",12556131
"P03179",7241865
"P02383",7767785
"P09463",12582224
"P09705",8448955
"P00513",8836863
"P08965",11972044
"P04655",6419122
"P00947",14896145
"P03537",11094945
"P09471",9989782
"P06963",9031642
"P03410",11836462
"P01438",21351291
"P01355",10531869
"P02601",8383849
"P03325",19330346
"P02422",8909475
"P07300",9689044
"P03523",6927281
"P01277",9773313
"P01180",9618332
"P04585",7369498
"P09495",13673591
"P08008",12499109
"P05799",6197251
"P00111",9611635
"P05382",15485804
"P09486",13243638
"P00157",7740024
"P01577",10172436
"P06436",9429809
"P09561",10033066
"P00905",8339816
"P08072",9767319
"P09079",18865499
"P04196",8856608
"P04825",11032085
"P03741",15535054
"P09626",12399139
"P00559",11485840
"P08216",14424301
"P08007",14829862
"P02074",8827487
"P04616",6029704
"P08066",7463072
"P05421",9672290
"P05428",15040321
"P08068",19337547
"P01035",10493383
"P06995",10798824
"P04573",5935869
"P06546",5361719
"P00837",11751137
"P04176",16354031
"P03618",6388306
"P05615",12418362
"P09546",13622959
"P03814",9742954
"P06775",19745536
"P03802",9714877
"P02408",12819065
"P07749",11910850
"P06567",10314885
"P01364",9910221
"P00055",14381125
"P01004",10261390
"P00931",17670140
"P07691",10329837
"P01924",11101947
"P05256",12914694
"P02384",13049762
"P06283",14474247
"P02756",12834887
"P09582",12350011
"P00121",13863101
"P05925",18874207
"P06465",6764479
"P01955",9983746
"P02522",10657797
"P07187",11499760
"P09302",13791930
"P05538",8037289
"P01706",11975537
"P00355",15433989
"P06693",9699870
"P02027",12150618
"P07985",15387416
"P09838",10487759
"P03915",11229068
"P05400",6005672
"P01641",6285600
"P09130",11707699
"P02576",6474574
"P03242",18608539
"P02164",9547503
"P04364",14666184
"P07505",17349426
"P00514",9845995
"P02733",12535677
"P03296",8356777
"P08287",8517247
"P04685",5492033
"P02970",22196784
"P03900",19080798
"P00995",13339239
"P08291",8056606
"P07322",11273208
"P09138",21880362
"P03283",13571509
"P09727",10218135
"P05252",15139401
"P08736",10319825
"P04854",7405232
"P09998",17907730
"P04262",11617346
"P07413",9338104
"P01497",18001877
"P06655",5773576
"P04375",4668442
"P09343",13566376
"P00843",12803857
"P05553",5913098
"P06561",5828954
"P00915",13818234
"P09691",13707531
"P02561",9363987
"P03809",8638365
"P00884",12565343
"P01913",18748401
"P02490",6857211
"P03706",11995487
"P08534",9660589
"P04656",5600501
"P03820",20607530
"P00335",12444378
"P08941",10772344
"P06382",19885310
"P04300",8527500
"P02286",13372626
"P01419",7874134
"P05339",8226744
"P02489",11760021
"P05033",13478283
"P08445",20607280
"P03435",4762862
"P01026",7961100
"P08548",16616222
"P01012",20308425
"P05530",12472826
"P02993",7782925
"P09200",12031631
"P07792",8937073
"P05179",6500799
"P04035",7742399
"P08519",10484794
"P06238",12347987
"P07063",13486249
"P02203",19608270
"P00106",14051637
"P01620",10877000
"P05195",8390501
"P09479",10020435
"P08505",9619413
"P07705",13660527
"P09934",8615014
"P05212",13032901
"P04778",8057050
"P05166",8940244
"P01483",19641812
"P01503",6988783
"P00620",9682569
"P08376",8605192
"P03426",11589124
"P07557",11467985
"P05879",13538194
"P08266",21996312
"P08999",8665205
"P07674",13849684
"P04322",13259828
"P09468",12080192
"P02665",4710462
"P01916",8756471
"P07957",13319820
"P05159",13272625
"P06437",8125267
"P07021",7866059
"P03022",8093985
"P04480",13407917
"P09115",10550542
"P02930",5763678
"P03657",11296848
"P02593",13630006
"P09476",10645812
"P05434",17218856
"P09748",16114727
"P02258",7932114
"P01421",10695712
"P01167",11831496
"P02783",8378636
"P02645",19221047
"P09145",6325499
"P00191",13567126
"P01665",12394307
"P03036",9729878
"P05065",20503531
"P04008",12249240
"P00008",18328898
"P07717",12288839
"P09087",8431202
"P06154",11150780
"P08801",21680137
"P09750",10216865
"P03579",8761992
"P03682",12143281
"P00733",19632258
"P02648",6507751
"P07601",9393264
"P00476",10097615
"P02594",9569546
"P02324",11653526
"P01909",14586477
"P07036",8538776
"P07372",19638029
"P08134",10989686
"P07942",13612637
"P04595",14599986
"P03629",6960696
"P07203",14003229
"P07894",13372259
"P06373",8495576
"P00719",9089396
"P02928",8521054
"P03430",6319229
"P06409",7063860
"P07130",11332696
"P03464",9267354
"P08225",21938746
"P02081",9327036
"P07673",13778152
"P08862",12421611
"P02559",6461854
"P01378",11912954
"P08938",6692596
"P04995",6066415
"P00624",18008803
"P02053",12452117
"P00601",8503866
"P07608",6450859
"P01959",6492117
"P08590",9011767
"P00924",7598489
"P05355",14469907
"P01527",5714673
"P09527",12257635
"P05991",13483360
"P01715",14648292
"P06153",7989451
"P01757",15104137
"P01369",7354813
"P07583",19223414
"P08175",8776788
"P06969",6638635
"P02723",12921763
"P07014",15071809
"P01719",7302159
"P00230",21050487
"P08130",5728840
"P07355",11566551
"P08547",18389046
"P04011",11570314
"P04664",6277473
"P06364",13486487
"P06614",13431456
"P08258",9841303
"P01206",12133709
"P01023",13223507
"P10013",13627338
"P01400",12287071
"P01287",9533515
"P00353",18281365
"P00886",10683047
"P07284",8427043
"P02462",9951069
"P01489",6180698
"P05531",6667412
"P04761",4870920
"P00303",9617991
"P04578",8586711
"P08980",9188040
"P00609",11349203
"P00596",12568979
"P01259",12343398
"P09754",15222001
"P08301",10344465
"P04592",13011101
"P03531",11971144
"P00120",16297754
"P00801",15153919
"P03584",6642212
"P01881",8870028
"P03191",7065653
"P02673",4968687
"P01984",10033965
"P06869",8871360
"P05671",8516820
"P00650",9225082
"P00168",12298943
"P04847",18505536
"P07423",10225888
"P03891",13443160
"P07858",15148951
"P04263",18788475
"P01343",21674680
"P04811",10007238
"P04558",7316666
"P03713",14345874
"P05475",18819976
"P00644",13180893
"P06598",6907760
"P06739",19660904
"P00728",12103851
"P09481",5942943
"P00172",13158180
"P07531",12998133
"P03986",15171905
"P07648",16439875
"P07190",9369028
"P00243",15650216
"P05789",11566290
"P09893",17129181
"P08698",9955901
"P00904",8101893
"P07730",14796801
"P08125",10284740
"P04498",12062159
"P09886",13882992
"P04374",5239436
"P00685",12259088
"P05046",11292041
"P02802",7316449
"P02913",8261329
"P02736",17238522
"P01604",5987867
"P08709",14440048
"P07502",10951555
"P05335",11922590
"P02922",7474316
"P02900",6508794
"P03554",9517742
"P03980",15533203
"P04090",8965876
"P09290",8564427
"P03387",13152069
"P03470",5788515
"P00442",11186200
"P06261",7615322
"P06909",8440491
"P00787",10168780
"P04521",8887560
"P07783",10955738
"P00712",12587059
"P09173",8840063
"P07195",8025707
"P04421",9130069
"P09627",9451629
"P05158",10016848
"P04004",9350969
"P06848",10718899
"P06265",4809636
"P06276",14142847
"P06172",11023736
"P07617",17929772
"P03851",9799121
"P03159",10483215
"P08457",13875457
"P04832",6978211
"P00565",11304514
"P00912",10801169
"P07436",12086441
"P08113",12288341
"P04437",10176645
"P00989",14085653
"P08580",9095514
"P02485",10928034
"P06096",8544569
"P04302",12649587
"P03452",11086372
"P02121",10279352
"P03777",7337396
"P09564",9730249
"P00249",10101085
"P02403",10614565
"P03391",9650516
"P08256",12312783
"P04249",9610066
"P05773",9512560
"P04775",10198726
"P01288",13723515
"P04645",13015990
"P09498",11152703
"P06548",11524239
"P09814",10490946
"P06742",11462660
"P03680",5994571
"P09263",8354058
"P05073",5097060
"P06249",11488588
"P05544",12589104
"P04700",12216290
"P01653",11495814
"P01325",9476928
"P04613",8391856
"P04413",6083588
"P08546",13534093
"P06256",12066612
"P05325",5659863
"P08150",11676980
"P08879",16923619
"P07727",11888625
"P00553",10211734
"P07157",15709529
"P00781",11048239
"P07822",16128046
"P07909",12767642
"P00296",14457662
"P06361",10886583
"P06988",14344334
"P00667",8565732
"P01794",13526249
"P01186",8449890
"P06538",10051014
"P04459",8519017
"P07966",5506749
"P04860",7301281
"P04197",17443749
"P04933",9034968
"P08945",8320556
"P08701",15536512
"P00399",10189687
"P09196",7265426
"P03699",6682827
"P05142",7511018
"P00372",12273702
"P08161",13303305
"P07855",12874664
"P06091",10283702
"P09351",10415161
"P08146",10867795
"P06591",9414985
"P07996",12593726
"P02483",8237420
"P08998",13309016
"P00564",7243611
"P03443",8351348
"P08058",9948360
"P05258",7445282
"P03513",11338618
"P05626",10443021
"P02120",12356031
"P08194",10175110
"P02190",17099503
"P04293",19364332
"P05802",13918466
"P07292",15325587
"P00495",14106104
"P06942",11256756
"P02883",15301588
"P03746",5719548
"P08799",10998413
"P04315",9826361
"P00435",9224982
"P02106",11523458
"P04350",5409388
"P04859",8917533
"P07191",9496510
"P05546",15705342
"P03461",6399466
"P09711",8422556
"P00735",7934856
"P01845",12356946
"P03067",13908448
"P02840",5340914
"P04000",11350726
"P00427",8960485
"P08699",15734751
"P09824",10440461
"P09193",8746093
"P03871",4937551
"P03017",13639130
"P03896",10115757
"P08332",8239431
"P04703",11907526
"P08779",9834366
"P04680",5272688
"P08840",13090108
"P09835",14612675
"P09962",8584602
"P07321",12112667
"P00969",22170683
"P02205",19204985
"P03447",8330385
"P01299",13316535
"P01391",13869991
"P01669",9458594
"P08539",13017450
"P05322",21934379
"P01296",13641831
"P00205",12651507
"P08620",8654651
"P03029",8599151
"P01710",6422344
"P02519",12716635
"P00578",6926237
"P08231",11839272
"P00227",9576612
"P09478",14077634
"P04529",13414415
"P00314",8803277
"P07290",11570425
"P02877",6203480
"P06560",9197614
"P08286",11027956
"P08774",9347790
"P01536",15559637
"P03396",10173385
"P01860",9407910
"P03038",12366509
"P07081",7928583
"P02882",12128420
"P07402",9164108
"P01344",9807818
"P02508",15899443
"P06174",9717571
"P05326",8907553
"P00921",20124609
"P08385",19089860
"P08336",12182103
"P05271",9654701
"P09333",13407017
"P08110",12104788
"P00656",9839847
"P04339",8467492
"P06651",11076730
"P00557",10162866
"P00084",11875841
"P02225",14620436
"P00284",12786761
"P07871",9518144
"P07246",11795375
"P08722",12857483
"P07010",6866620
"P08916",9436664
"P01876",6053748
"P00046",10975867
"P04662",5416232
"P03247",7355345
"P01704",7960649
"P05663",8670860
"P04795",11456359
"P09656",14159969
"P04330",17366211
"P01223",9365802
"P06613",10923209
"P07899",11565121
"P07206",12366062
"P09284",8103184
"P08406",19253446
"P05741",9098825
"P02287",8538074
"P08094",12987904
"P07412",5806060
"P02540",16171635
"P06998",10398559
"P02872",12978205
"P07877",19825850
"P02075",5945883
"P00477",18906857
"P00076",13667327
"P01140",9574214
"P07429",13179010
"P07609",9840995
"P03861",7189653
"P05526",9450487
"P00319",10503890
"P08359",8098763
"P07173",9159370
"P09359",12776052
"P06263",9292267
"P09589",5528696
"P02575",6114981
"P09355",7078020
"P00446",8831797
"P05719",5536730
"P03069",6046586
"P00548",13073545
"P06353",8492718
"P01101",9185459
"P09613",15665831
"P00380",9327420
"P00373",13375391
"P04296",10641146
"P04013",16166150
"P08075",12650947
"P08514",7959648
"P07979",19307491
"P00506",11604950
"P03578",8885435
"P05594",3230476
"P00218",14432270
"P09100",8422184
"P00003",19028238
"P07906",12027583
"P07219",10569565
"P03651",9900406
"P04188",6488542
"P04849",5059767
"P04219",8943158
"P03634",9077201
"P08855",12361963
"P03016",12765257
"P03883",7978981
"P03685",12513786
"P05241",12888399
"P09412",10542356
"P00277",13344110
"P01640",6120208
"P07596",11737051
"P02271",18577559
"P09725",14837942
"P02505",12196761
"P00841",12639352
"P04792",6525557
"P09017",10112471
"P02985",9387680
"P05653",4880853
"P04915",7812993
"P08193",13111677
"P02805",6640668
"P07552",8010280
"P04235",9713872
"P07359",7321304
"P09553",14776384
"P00290",9569632
"P03070",6496958
"P04340",12893598
"P01139",14891787
"P06274",8622472
"P03278",8622114
"P03011",8983768
"P00932",13743355
"P08760",14263132
"P05606",7405756
"P09252",8464844
"P00725",10906108
"P00808",8744309
"P02926",8682215
"P02065",8951338
"P09242",11701704
"P04568",7792932
"P04632",7344333
"P02044",19253173
"P06818",10311143
"P00809",19573600
"P03085",10412555
"P01700",17590513
"P09287",12717368
"P06825",17642038
"P05296",13296960
"P06114",11618560
"P05778",12209565
"P06968",12819475
"P09957",13163272
"P01337",13618214
"P02753",7185692
"P06166",9999722
"P00274",22011800
"P06229",16649383
"P01411",10551027
"P08745",11123684
"P04650",8201617
"P04354",10456509
"P06171",9821969
"P08104",12341078
"P04064",11176805
"P01994",9949257
"P06175",16609275
"P07701",7216568
"P01588",12082107
"P07589",12578518
"P05364",17603392
"P04207",14868163
"P00438",13938412
"P06272",7298853
"P02142",12160543
"P04489",7107583
"P07888",8881980
"P00238",15287676
"P09975",9826092
"P02421",5264323
"P07237",17362799
"P08285",12854588
"P01619",11759591
"P07274",20211192
"P02493",11079936
"P03294",3940670
"P04965",8188831
"P04222",11053426
"P09008",15002616
"P00814",11162378
"P01506",7905004
"P03538",7445172
"P02955",7117795
"P00250",10333875
"P06392",14376871
"P04153",14055564
"P05491",18350507
"P03112",6247082
"P00158",11132981
"P08731",10087400
"P09741",13722472
"P10029",13348381
"P07554",9589329
"P06496",7608043
"P02878",6102249
"P00641",8154148
"P07136",15687339
"P07199",9113281
"P08123",18050656
"P07963",13634796
"P04055",16873609
"P07269",10461340
"P06245",14113381
"P06008",9342923
"P02839",7106980
"P07594",15673984
"P05269",8778144
"P09638",7712957
"P00711",22774836
"P05814",22348975
"P01947",3542542
"P09979",14055904
"P04405",8472243
"P01163",8161932
"P04268",7741091
"P01065",11828630
"P08603",9368877
"P00474",18143373
"P08173",14977283
"P00643",13024131
