PRT_ID,SALES_PRICE
P05996,
P09294,
P03807,
P00539,
P01448,
P06667,
P09803,
P05568,
P05102,
P04556,
P03782,
P02221,
P03299,
P08959,
P09377,
P09924,
P01394,
P07407,
P08729,
P09542,
P01853,
P08051,
P08271,
P02055,
P01462,
P03664,
P02370,
P07852,
P06278,
P08467,
P00992,
P05942,
P03989,
P07060,
P00285,
P04718,
P00956,
P07903,
P09166,
P04499,
P04015,
P09376,
P00012,
P08995,
P02323,
P01359,
P07090,
P08475,
P02125,
P07915,
P06139,
P03073,
P08441,
P01565,
P00791,
P06751,
P04554,
P03839,
P01409,
P07431,
P03489,
P06387,
P06779,
P01889,
P06149,
P08873,
P03425,
P09806,
P04345,
P04042,
P09781,
P00254,
P09091,
P04061,
P06644,
P08517,
P07492,
P04452,
P08144,
P02854,
P04835,
P00455,
P07396,
P07777,
P05423,
P05820,
P01309,
P04343,
P05167,
P03621,
P01131,
P04092,
P07035,
P04257,
P00928,
P09597,
P09744,
P08951,
P03143,
P00062,
P06406,
P07835,
P00485,
P09288,
P04002,
P04853,
P03361,
P05281,
P06568,
P07595,
P02829,
P03226,
P03068,
P04223,
P01682,
P01342,
P01954,
P03346,
P06090,
P08664,
P02701,
P03668,
P05791,
P04571,
P04306,
P06965,
P00968,
P07351,
P07627,
P02263,
P00900,
P05532,
P02420,
P02948,
P02449,
P04555,
P08461,
P03817,
P01194,
P00096,
P06955,
P07375,
P01198,
P06393,
P00973,
P08413,
P08452,
P05808,
P01732,
P03265,
P09269,
P02005,
P09884,
P03077,
P02144,
P01972,
P03272,
P04748,
P09255,
P02072,
P05111,
P05943,
P04135,
P03351,
P02627,
P02406,
P05640,
P09231,
P06390,
P08275,
P00571,
P03094,
P02145,
P01403,
P00398,
P05079,
P08844,
P05122,
P02734,
P07188,
P05561,
P00652,
P01072,
P00385,
P05519,
P01410,
P05804,
P07515,
P00691,
P03592,
P09493,
P04172,
P01605,
P03956,
P05076,
P05695,
P00993,
P02468,
P06320,
P02001,
P08770,
P00229,
P06646,
P04466,
P05793,
P01750,
P09131,
P02168,
P02511,
P07343,
P01376,
P07422,
P01769,
P08586,
P06488,
P01230,
P02908,
P08831,
P03288,
P00680,
P02031,
P04875,
P07956,
P08447,
P05865,
P09672,
P09920,
P04910,
P00162,
P01825,
P05292,
P02712,
P07747,
P07472,
P00068,
P00750,
P01938,
P08240,
P05994,
P00744,
P00792,
P04083,
P01744,
P03503,
P04256,
P05332,
P04078,
P06574,
P04752,
P03316,
P07291,
P07280,
P04397,
P02025,
P09003,
P03088,
P05216,
P00823,
P07932,
P02680,
P03407,
P06860,
P06832,
P00361,
P06394,
P03881,
P02725,
P00544,
P08809,
P02307,
P08485,
P09159,
P01398,
P02495,
P08769,
P00458,
P05850,
P06648,
P05003,
P03602,
P03201,
P00489,
P06958,
P04750,
P06660,
P04403,
P04175,
P07433,
P03525,
P09373,
P05845,
P05717,
P00953,
P01301,
P07032,
P09312,
P02357,
P00029,
P06760,
P03206,
P08261,
P07838,
P03558,
P03700,
P06412,
P04043,
P03850,
P05426,
P00178,
P03363,
P01018,
P00572,
P02373,
P04813,
P05372,
P04285,
P00459,
P02208,
P08567,
P07415,
P02413,
P02586,
P05842,
P05225,
P03024,
P04596,
P01389,
P03708,
P08783,
P06624,
P02243,
P00020,
P05876,
P07232,
P02855,
P09303,
P02015,
P05454,
P07348,
P03637,
P00263,
P02270,
P06691,
P04068,
P04812,
P05806,
P08297,
P09086,
P00775,
P06970,
P07630,
P06558,
P01847,
P04412,
P05028,
P04089,
P03672,
P05147,
P08288,
P01330,
P04020,
P07516,
P03129,
P07204,
P02045,
P08996,
P00574,
P02149,
P09851,
P00509,
P00136,
P02618,
P07265,
P00855,
P03046,
P10026,
P00177,
P09301,
P03284,
P06088,
P01106,
P05623,
P01357,
P00215,
P05023,
P02983,
P05782,
P05733,
P02670,
P08342,
P09732,
P05262,
P05661,
P07639,
P08096,
P09511,
P00822,
P06290,
P06505,
P07653,
P06447,
P04980,
P05638,
P07544,
P01335,
P05311,
P03627,
P03784,
P01464,
P01171,
P07123,
P09662,
P03540,
P05302,
P08705,
P06665,
P04037,
P00325,
P08837,
P05445,
P00292,
P05044,
P03002,
P05551,
P01037,
P02316,
P07532,
P02051,
P00817,
P05975,
P09942,
P00488,
P03977,
P07179,
P04074,
P04318,
P07771,
P06431,
P00647,
P03725,
P00359,
P03884,
P04772,
P04202,
P07384,
P09375,
P02603,
P05744,
P00454,
P03580,
P01351,
P05632,
P02658,
P03487,
P05745,
P08616,
P00575,
P00782,
P09266,
P05541,
P07213,
P03123,
P01741,
P04336,
P02060,
P04800,
P01707,
P06617,
P08260,
P07352,
P01510,
P06564,
P08889,
P07268,
P08641,
P03743,
P08861,
P07687,
P06080,
P01691,
P03308,
P00113,
P04949,
P04243,
P04199,
P02919,
P06267,
P07383,
P05429,
P07746,
P08241,
P00774,
P02143,
P00054,
P05676,
P05875,
P05395,
P07026,
P09598,
P09339,
P03381,
P08655,
P02719,
P06426,
P06890,
P02086,
P00830,
P06941,
P02557,
P07158,
P08899,
P10027,
P03382,
P02619,
P01966,
P01898,
P08328,
P08153,
P03374,
P02884,
P04956,
P03101,
P02129,
P08409,
P04789,
P06595,
P08818,
P00049,
P08666,
P05554,
P07193,
P09408,
P04719,
P04932,
P08708,
P02340,
P03249,
P06831,
P08001,
P03973,
P00444,
P04158,
P05855,
P07262,
P05559,
P05021,
P04934,
P04829,
P00660,
P03892,
P01406,
P01094,
P05683,
P07631,
P00484,
P05440,
P04666,
P08189,
P09308,
P05750,
P00197,
P01039,
P09092,
P06411,
P04634,
P09504,
P01248,
P00972,
P00715,
P02242,
P07921,
P00696,
P08880,
P07657,
P06355,
P06033,
P00383,
P09085,
P06524,
P01567,
P09132,
P00940,
P08171,
P00456,
P04128,
P02328,
P00793,
P02409,
P01064,
P05038,
P05479,
P00326,
P00974,
P05278,
P08168,
P05103,
P04646,
P08299,
P00859,
P02708,
P09223,
P03765,
P03835,
P02787,
P00567,
P01184,
P04181,
P01221,
P09360,
P07530,
P04603,
P01306,
P08283,
P05162,
P09889,
P09432,
P01524,
P07172,
P03266,
P07889,
P04431,
P01797,
P00268,
P08897,
P04788,
P08215,
P03595,
P01202,
P01297,
P00618,
P05952,
P00102,
P09921,
P09040,
P01561,
P03040,
P01726,
P08303,
P08679,
P00044,
P03533,
P04424,
P04909,
P00235,
P05419,
P05054,
P03596,
P07307,
P05807,
P05815,
P09586,
P07811,
P06349,
P02253,
P02795,
P06160,
P00762,
P00731,
P02460,
P03135,
P00013,
P02202,
P05706,
P06135,
P05349,
P06331,
P03673,
P07108,
P03471,
P06194,
P05433,
P03263,
P05463,
P02095,
P04411,
P02266,
P04589,
P02187,
P03438,
P09224,
P08410,
P09790,
P09729,
P04857,
P06887,
P04640,
P00207,
P03508,
P05938,
P03547,
P05288,
P05420,
P02326,
P06785,
P07151,
P04014,
P08263,
P07365,
P09960,
P02196,
P07441,
P09069,
P05937,
P05930,
P01100,
P03395,
P07971,
P04746,
P08162,
P07666,
P04537,
P03593,
P01054,
P07884,
P01290,
P00320,
P04621,
P03877,
P06541,
P08952,
P04902,
P01800,
P08866,
P04898,
P09112,
P04962,
P09567,
P04072,
P07859,
P09852,
P09042,
P01141,
P00805,
P05860,
P03638,
P05972,
P09829,
P07286,
P01416,
P02104,
P03028,
P07450,
P08176,
P06305,
P01242,
P02341,
P01842,
P06403,
P07301,
P09454,
P02514,
P01440,
P07960,
P07390,
P08137,
P02599,
P07625,
P07970,
P00038,
P07030,
P03591,
P00492,
P05265,
P09261,
P09858,
P04062,
P00260,
P01610,
P05645,
P00336,
P07797,
P02312,
P04276,
P05730,
P02704,
P00232,
P07615,
P06795,
P06949,
P04559,
P05689,
P04881,
P05848,
P05839,
P04496,
P08638,
P09949,
P09995,
P08243,
P02538,
P07590,
P00710,
P02942,
P03092,
P07694,
P03788,
P08111,
P09810,
P06309,
P02728,
P07655,
P00124,
P02546,
P08013,
P01044,
P02295,
P10011,
P08259,
P01716,
P04251,
P08497,
P00835,
P00996,
P09897,
P05993,
P09757,
P04654,
P03643,
P05939,
P01192,
P03238,
P05146,
P07037,
P07214,
P01461,
P01648,
P02175,
P04120,
P05988,
P05721,
P04464,
P01630,
P00091,
P09356,
P02683,
P03759,
P06093,
P03388,
P09467,
P09859,
P09609,
P04896,
P05949,
P02002,
P06714,
P08095,
P01638,
P00202,
P01621,
P09424,
P00490,
P04205,
P02379,
P06620,
P09646,
P05688,
P08878,
P01466,
P01940,
P09840,
P03990,
P09602,
P09774,
P06268,
P04017,
P06385,
P00024,
P02663,
P03312,
P04039,
P08623,
P02068,
P00985,
P01659,
P00104,
P02958,
P07934,
P00440,
P02043,
P04689,
P02836,
P06335,
P08934,
P04671,
P05317,
P03701,
P06070,
P08116,
P05140,
P01373,
P02628,
P04773,
P09842,
P03099,
P09083,
P03650,
P03539,
P03275,
P03380,
P03937,
P08991,
P00497,
P00592,
P06365,
P00271,
P03477,
P05922,
P08761,
P08734,
P08183,
P07804,
P05385,
P02614,
P03042,
P07999,
P08510,
P00318,
P03605,
P00417,
P07324,
P07491,
P01969,
P03364,
P04864,
P06176,
P05545,
P04265,
P09759,
P01311,
P08957,
P05178,
P05903,
P08204,
P09487,
P00333,
P04429,
P08606,
P08521,
P01348,
P09547,
P01228,
P03920,
P06086,
P00059,
P02949,
P06025,
P03424,
P05089,
P00348,
P09247,
P04547,
P07493,
P07052,
P09442,
P06829,
P06388,
P04985,
P02152,
P01764,
P02666,
P01696,
P02821,
P09878,
P03075,
P08563,
P07271,
P03483,
P09437,
P02491,
P04193,
P09716,
P05887,
P04454,
P06170,
P03530,
P09877,
P06852,
P05933,
P00657,
P06748,
P07013,
P05649,
P06061,
P02790,
P02410,
P09249,
P09635,
P08185,
P03057,
P00799,
P01960,
P06526,
P04692,
P01304,
P05581,
P07533,
P06659,
P03632,
P09125,
P06024,
P08040,
P03695,
P04735,
P03843,
P09133,
P01261,
P07336,
P09251,
P08057,
P04183,
P05828,
P04321,
P06605,
P02259,
P02766,
P04539,
P09323,
P01776,
P04169,
P09334,
P06849,
P01547,
P09667,
P05792,
P02909,
P01540,
P02224,
P08378,
P09647,
P09752,
P05337,
P09532,
P01637,
P04036,
P05462,
P09955,
P07991,
P05982,
P00547,
P09045,
P05977,
P09331,
P06474,
P00365,
P09641,
P06362,
P06140,
P00077,
P02277,
P03390,
P03402,
P04776,
P00540,
P09587,
P00313,
P01300,
P07577,
P03039,
P05207,
P09494,
P08403,
P06502,
P06493,
P00672,
P07302,
P09543,
P04767,
P00619,
P01077,
P07886,
P01870,
P04065,
P00436,
P02284,
P06897,
P08502,
P09678,
P02345,
P09644,
P04488,
P09096,
P04030,
P08949,
P08218,
P03375,
P00946,
P08398,
P08993,
P03514,
P02315,
P02610,
P01214,
P06059,
P00462,
P06921,
P06800,
P04267,
P00179,
P01729,
P03269,
P02808,
P00349,
P05032,
P09747,
P10020,
P07162,
P04166,
P06777,
P05497,
P08354,
P02912,
P06021,
P09364,
P00693,
P00605,
P04149,
P03647,
P09228,
P03742,
P04327,
P09982,
P08632,
P01126,
P03480,
P04361,
P08349,
P04425,
P09455,
P03095,
P04349,
P08219,
P04517,
P00523,
P07874,
P09907,
P05273,
P08515,
P04996,
P04155,
P09535,
P07983,
P07289,
P02058,
P08222,
P00923,
P09081,
P04495,
P04133,
P08946,
P06224,
P04469,
P01839,
P01436,
P04224,
P04313,
P00208,
P04491,
P09160,
P04937,
P08542,
P01040,
P00206,
P01945,
P07148,
P04097,
P03434,
P00437,
P06956,
P05376,
P02731,
P07895,
P03804,
P05220,
P08555,
P03209,
P01819,
P07646,
P00344,
P04587,
P09753,
P08425,
P05084,
P03563,
P01594,
P02339,
P05555,
P04721,
P04093,
P08089,
P09378,
P07421,
P01759,
P07167,
P08437,
P04886,
P01479,
P02773,
P08470,
P02635,
P07872,
P03756,
P09216,
P05141,
P01509,
P09721,
P06471,
P07114,
P07201,
P07279,
P03204,
P08892,
P02337,
P02354,
P05088,
P04908,
P07238,
P04781,
P05692,
P05453,
P05143,
P07168,
P09853,
P08595,
P05012,
P00439,
P09120,
P03886,
P02535,
P00265,
P07202,
P05788,
P04560,
P09735,
P02017,
P08556,
P07464,
P01730,
P06056,
P02569,
P02742,
P03291,
P05070,
P05397,
P06672,
P09063,
P03478,
P01872,
P05603,
P03466,
P05441,
P08898,
P03245,
P02998,
P04449,
P03862,
P02804,
P07671,
P00117,
P01553,
P00447,
P06178,
P03984,
P04693,
P00060,
P05115,
P00083,
P08198,
P05593,
P04261,
P09233,
P00273,
P08100,
P05204,
P03227,
P07378,
P06105,
P08922,
P00503,
P07943,
P08807,
P06960,
P07964,
P01877,
P07498,
P00950,
P02037,
P02967,
P02707,
P04395,
P07215,
P05901,
P02962,
P09674,
P01273,
P06882,
P03965,
P09171,
P03192,
P05892,
P00287,
P07008,
P08605,
P03692,
P07403,
P03515,
P06680,
P02182,
P06408,
P00536,
P06357,
P08276,
P03412,
P03488,
P03320,
P08043,
P08239,
P02211,
P00116,
P02342,
P04287,
P00173,
P03475,
P05235,
P00543,
P00862,
P00415,
P06233,
P08067,
P02978,
P06428,
P00527,
P04738,
P08678,
P07665,
P01811,
P07791,
P00926,
P07298,
P00613,
P00804,
P01664,
P00875,
P07977,
P08684,
P05628,
P06503,
P06618,
P05831,
P03735,
P05393,
P08725,
P08986,
P05732,
P07106,
P04966,
P06032,
P03169,
P01010,
P04731,
P05931,
P00080,
P01233,
P05758,
P04623,
P02780,
P07944,
P07763,
P04940,
P06282,
P01075,
P05871,
P07329,
P05001,
P10022,
P06523,
P03300,
P08870,
P10004,
P03535,
P07719,
P08302,
P02301,
P00866,
P08978,
P09913,
P00698,
P00681,
P06060,
P02859,
P08762,
P07733,
P05681,
P04094,
P06480,
P06442,
P05811,
P04049,
P01003,
P08850,
P01338,
P06701,
P07076,
P06619,
P09518,
P01899,
P00369,
P04747,
P08920,
P03097,
P07288,
P09209,
P04757,
P03907,
P04150,
P04581,
P09801,
P06725,
P06575,
P04359,
P02256,
P06927,
P08233,
P00991,
P06872,
P03894,
P04174,
P03045,
P02375,
P06402,
P05998,
P06743,
P04255,
P09341,
P03214,
P06425,
P01245,
P08200,
P08833,
P00761,
P00406,
P02036,
P07043,
P04404,
P06190,
P08366,
P08404,
P01830,
P00933,
P01717,
P08680,
P07549,
P02510,
P03134,
P07843,
P01134,
P04308,
P08087,
P03518,
P09410,
P05816,
P06778,
P08346,
P08397,
P07486,
P09848,
P02150,
P04461,
P06074,
P09844,
P08741,
P01079,
P04787,
P00772,
P09306,
P03131,
P05294,
P04381,
P06430,
P02625,
P01562,
P08637,
P09062,
P05889,
P06397,
P06607,
P02509,
P08594,
P04337,
P00795,
P02923,
P09082,
P03826,
P09002,
P06451,
P09236,
P08758,
P09695,
P03079,
P03624,
P03859,
P08675,
P08549,
P01581,
P06563,
P04368,
P07757,
P09071,
P02639,
P04282,
P09428,
P09682,
P03100,
P01136,
P02427,
P01996,
P07482,
P09630,
P05324,
P08847,
P05643,
P09184,
P02318,
P00737,
P07146,
P07326,
P01199,
P08365,
P09749,
P00094,
P08750,
P03467,
P09022,
P06580,
P01138,
P08525,
P02837,
P03321,
P08491,
P04231,
P08498,
P07710,
P03856,
P09797,
P04511,
P05527,
P00457,
P01262,
P09072,
P00065,
P06658,
P02700,
P09789,
P03398,
P06823,
P03155,
P01414,
P03667,
P02566,
P03799,
P04876,
P05588,
P01271,
P00496,
P07470,
P01977,
P02199,
P00588,
P02059,
P01169,
P07610,
P04960,
P08074,
P09988,
P04918,
P06023,
P05019,
P06765,
P04116,
P06702,
P02358,
P01130,
P02592,
P05062,
P05574,
P07220,
P00581,
P07059,
P06468,
P01556,
P02282,
P08871,
P04669,
P07045,
P07064,
P07584,
P01494,
P04687,
P01740,
P10030,
P09421,
P07115,
P08172,
P04848,
P04945,
P08379,
P04780,
P03824,
P07832,
P00155,
P01677,
P09895,
P08022,
P02697,
P01144,
P08687,
P05878,
P04309,
P09938,
P02042,
P03215,
P00736,
P00198,
P05911,
P01197,
P03268,
P02812,
P02446,
P07276,
P03801,
P08046,
P08671,
P09873,
P09954,
P09006,
P08704,
P04905,
P03306,
P06372,
P01441,
P04964,
P00999,
P09227,
P09820,
P09118,
P05368,
P02122,
P07918,
P04162,
P05361,
P06284,
P02214,
P09155,
P03677,
P07476,
P01731,
P07305,
P03832,
P02213,
P04635,
P07702,
P04659,
P01211,
P04990,
P08721,
P08484,
P05016,
P02474,
P06371,
P03280,
P05026,
P07426,
P04408,
P03354,
P01894,
P02333,
P07799,
P07154,
P02400,
P06162,
P00309,
P04969,
P07230,
P01289,
P09865,
P02430,
P06868,
P08654,
P06566,
P07715,
P02250,
P08124,
P09857,
P01366,
P09181,
P08627,
P01204,
P07240,
P02415,
P06520,
P03740,
P06731,
P03863,
P00690,
P07223,
P03212,
P03952,
P03035,
P08453,
P04143,
P03456,
P06420,
P00676,
P01611,
P07700,
P05678,
P03313,
P08900,
P09795,
P00424,
P09232,
P01229,
P05061,
P00689,
P09150,
P03744,
P03697,
P02226,
P04289,
P09693,
P02329,
P02281,
P00752,
P06885,
P01980,
P02414,
P01292,
P07559,
P05881,
P02782,
P05585,
P03971,
P04184,
P09637,
P00258,
P09480,
P09465,
P08446,
P04210,
P09346,
P00379,
P04546,
P00556,
P00797,
P01841,
P06584,
P08021,
P06710,
P09525,
P09097,
P09605,
P02035,
P03309,
P08139,
P01263,
P07981,
P08936,
P01453,
P04696,
P09310,
P06055,
P02444,
P05036,
P02847,
P05539,
P04301,
P04453,
P01001,
P09811,
P03218,
P09614,
P09254,
P03962,
P01269,
P08324,
P00519,
P05092,
P01591,
P02063,
P06918,
P04373,
P04540,
P01252,
P06490,
P05785,
P09989,
P07718,
P03371,
P08402,
P00648,
P00181,
P04372,
P07160,
P06863,
P00684,
P06134,
P08935,
P02869,
P05482,
P02939,
P04796,
P02200,
P04394,
P01890,
P04601,
P08489,
P07712,
P06697,
P07017,
P03082,
P07018,
P07394,
P09688,
P08187,
P04284,
P04152,
P06281,
P01805,
P06286,
P03241,
P06839,
P10025,
P04889,
P08213,
P04351,
P00798,
P08423,
P00885,
P02049,
P09286,
P08668,
P02525,
P02975,
P04545,
P02346,
P09850,
P01531,
P03285,
P09669,
P05075,
P01828,
P09219,
P03106,
P06014,
P03616,
P07837,
P08157,
P08092,
P04165,
P07743,
P02681,
P05206,
P02032,
P06819,
P00323,
P01858,
P07001,
P02924,
P07738,
P08886,
P05863,
P03872,
P09499,
P00090,
P04828,
P08064,
P04989,
P09053,
P05487,
P05116,
P03865,
P07675,
P06087,
P08914,
P06352,
P05188,
P07517,
P02563,
P04365,
P03427,
P00053,
P02407,
P09278,
P00819,
P02699,
P07315,
P03798,
P04858,
P05398,
P02732,
P07628,
P07796,
P01698,
P06322,
P00682,
P08483,
P00907,
P05457,
P05090,
P03120,
P02154,
P07896,
P09277,
P03444,
P04947,
P09792,
P00594,
P07296,
P04822,
P06151,
P02574,
P01962,
P00734,
P06456,
P09317,
P07087,
P00533,
P06905,
P08714,
P07452,
P02642,
P04838,
P04998,
P09966,
P06647,
P09156,
P02353,
P00428,
P04626,
P01274,
P08557,
P08180,
P01047,
P07316,
P00971,
P06497,
P02963,
P05716,
P01224,
P07785,
P02578,
P05583,
P03419,
P04396,
P09548,
P03482,
P06124,
P05411,
P04392,
P09025,
P01871,
P04161,
P06111,
P03948,
P09900,
P08280,
P07149,
P02981,
P05458,
P02835,
P06366,
P03750,
P08828,
P01532,
P08495,
P05071,
P01515,
P04214,
P08661,
P08073,
P07965,
P06258,
P03176,
P01486,
P06421,
P02467,
P09880,
P08551,
P04576,
P04220,
P02456,
P08036,
P08910,
P07186,
P07604,
P03935,
P08029,
P05677,
P03437,
P08631,
P03945,
P02826,
P04987,
P06510,
P00686,
P02161,
P08416,
P00381,
P08789,
P08106,
P07328,
P08341,
P01882,
P07465,
P07398,
P08097,
P01917,
P02889,
P08846,
P05148,
P08538,
P00788,
P02173,
P08242,
P01823,
P00222,
P02038,
P02612,
P08372,
P09326,
P09562,
P00876,
P05731,
P04111,
P04527,
P09430,
P04667,
P02870,
P09496,
P05664,
P09282,
P02260,
P04508,
P06802,
P04380,
P07227,
P03341,
P00131,
P00576,
P07166,
P06251,
P06237,
P01514,
P04007,
P06923,
P06633,
P09927,
P00997,
P07393,
P01587,
P07244,
P09172,
P08944,
P06147,
P07095,
P01019,
P03439,
P01612,
P06906,
P08532,
P07438,
P08759,
P07920,
P07766,
P04487,
P08719,
P01050,
P08834,
P01117,
P06383,
P08791,
P03327,
P08744,
P06197,
P10006,
P09926,
P01884,
P02777,
P07670,
P08093,
P00337,
P08727,
P02046,
P01930,
P09089,
P04003,
P00307,
P08432,
P04912,
P07728,
P01784,
P03567,
P09849,
P05587,
P03707,
P00291,
P03307,
P01702,
P02803,
P08652,
P06443,
P03910,
P06787,
P02405,
P06112,
P08694,
P05138,
P06405,
P00236,
P09253,
P08882,
P08424,
P08592,
P08212,
P01563,
P07821,
P02305,
P06679,
P07927,
P03010,
P02107,
P05388,
P03188,
P08112,
P07083,
P08629,
P02999,
P01396,
P02668,
P05694,
P03974,
P08041,
P02526,
P01434,
P01733,
P03961,
P08196,
P01765,
P02098,
P07761,
P09796,
P03600,
P02071,
P03919,
P10009,
P06377,
P09335,
P02539,
P06137,
P04419,
P07006,
P00129,
P07126,
P09731,
P00769,
P04457,
P09217,
P09645,
P04154,
P00872,
P08928,
P03933,
P06737,
P01595,
P05921,
P03649,
P05448,
P03179,
P02383,
P09463,
P09705,
P00513,
P08965,
P04655,
P00947,
P03537,
P09471,
P06963,
P03410,
P01438,
P01355,
P02601,
P03325,
P02422,
P07300,
P03523,
P01277,
P01180,
P04585,
P09495,
P08008,
P05799,
P00111,
P05382,
P09486,
P00157,
P01577,
P06436,
P09561,
P00905,
P08072,
P09079,
P04196,
P04825,
P03741,
P09626,
P00559,
P08216,
P08007,
P02074,
P04616,
P08066,
P05421,
P05428,
P08068,
P01035,
P06995,
P04573,
P06546,
P00837,
P04176,
P03618,
P05615,
P09546,
P03814,
P06775,
P03802,
P02408,
P07749,
P06567,
P01364,
P00055,
P01004,
P00931,
P07691,
P01924,
P05256,
P02384,
P06283,
P02756,
P09582,
P00121,
P05925,
P06465,
P01955,
P02522,
P07187,
P09302,
P05538,
P01706,
P00355,
P06693,
P02027,
P07985,
P09838,
P03915,
P05400,
P01641,
P09130,
P02576,
P03242,
P02164,
P04364,
P07505,
P00514,
P02733,
P03296,
P08287,
P04685,
P02970,
P03900,
P00995,
P08291,
P07322,
P09138,
P03283,
P09727,
P05252,
P08736,
P04854,
P09998,
P04262,
P07413,
P01497,
P06655,
P04375,
P09343,
P00843,
P05553,
P06561,
P00915,
P09691,
P02561,
P03809,
P00884,
P01913,
P02490,
P03706,
P08534,
P04656,
P03820,
P00335,
P08941,
P06382,
P04300,
P02286,
P01419,
P05339,
P02489,
P05033,
P08445,
P03435,
P01026,
P08548,
P01012,
P05530,
P02993,
P09200,
P07792,
P05179,
P04035,
P08519,
P06238,
P07063,
P02203,
P00106,
P01620,
P05195,
P09479,
P08505,
P07705,
P09934,
P05212,
P04778,
P05166,
P01483,
P01503,
P00620,
P08376,
P03426,
P07557,
P05879,
P08266,
P08999,
P07674,
P04322,
P09468,
P02665,
P01916,
P07957,
P05159,
P06437,
P07021,
P03022,
P04480,
P09115,
P02930,
P03657,
P02593,
P09476,
P05434,
P09748,
P02258,
P01421,
P01167,
P02783,
P02645,
P09145,
P00191,
P01665,
P03036,
P05065,
P04008,
P00008,
P07717,
P09087,
P06154,
P08801,
P09750,
P03579,
P03682,
P00733,
P02648,
P07601,
P00476,
P02594,
P02324,
P01909,
P07036,
P07372,
P08134,
P07942,
P04595,
P03629,
P07203,
P07894,
P06373,
P00719,
P02928,
P03430,
P06409,
P07130,
P03464,
P08225,
P02081,
P07673,
P08862,
P02559,
P01378,
P08938,
P04995,
P00624,
P02053,
P00601,
P07608,
P01959,
P08590,
P00924,
P05355,
P01527,
P09527,
P05991,
P01715,
P06153,
P01757,
P01369,
P07583,
P08175,
P06969,
P02723,
P07014,
P01719,
P00230,
P08130,
P07355,
P08547,
P04011,
P04664,
P06364,
P06614,
P08258,
P01206,
P01023,
P10013,
P01400,
P01287,
P00353,
P00886,
P07284,
P02462,
P01489,
P05531,
P04761,
P00303,
P04578,
P08980,
P00609,
P00596,
P01259,
P09754,
P08301,
P04592,
P03531,
P00120,
P00801,
P03584,
P01881,
P03191,
P02673,
P01984,
P06869,
P05671,
P00650,
P00168,
P04847,
P07423,
P03891,
P07858,
P04263,
P01343,
P04811,
P04558,
P03713,
P05475,
P00644,
P06598,
P06739,
P00728,
P09481,
P00172,
P07531,
P03986,
P07648,
P07190,
P00243,
P05789,
P09893,
P08698,
P00904,
P07730,
P08125,
P04498,
P09886,
P04374,
P00685,
P05046,
P02802,
P02913,
P02736,
P01604,
P08709,
P07502,
P05335,
P02922,
P02900,
P03554,
P03980,
P04090,
P09290,
P03387,
P03470,
P00442,
P06261,
P06909,
P00787,
P04521,
P07783,
P00712,
P09173,
P07195,
P04421,
P09627,
P05158,
P04004,
P06848,
P06265,
P06276,
P06172,
P07617,
P03851,
P03159,
P08457,
P04832,
P00565,
P00912,
P07436,
P08113,
P04437,
P00989,
P08580,
P02485,
P06096,
P04302,
P03452,
P02121,
P03777,
P09564,
P00249,
P02403,
P03391,
P08256,
P04249,
P05773,
P04775,
P01288,
P04645,
P09498,
P06548,
P09814,
P06742,
P03680,
P09263,
P05073,
P06249,
P05544,
P04700,
P01653,
P01325,
P04613,
P04413,
P08546,
P06256,
P05325,
P08150,
P08879,
P07727,
P00553,
P07157,
P00781,
P07822,
P07909,
P00296,
P06361,
P06988,
P00667,
P01794,
P01186,
P06538,
P04459,
P07966,
P04860,
P04197,
P04933,
P08945,
P08701,
P00399,
P09196,
P03699,
P05142,
P00372,
P08161,
P07855,
P06091,
P09351,
P08146,
P06591,
P07996,
P02483,
P08998,
P00564,
P03443,
P08058,
P05258,
P03513,
P05626,
P02120,
P08194,
P02190,
P04293,
P05802,
P07292,
P00495,
P06942,
P02883,
P03746,
P08799,
P04315,
P00435,
P02106,
P04350,
P04859,
P07191,
P05546,
P03461,
P09711,
P00735,
P01845,
P03067,
P02840,
P04000,
P00427,
P08699,
P09824,
P09193,
P03871,
P03017,
P03896,
P08332,
P04703,
P08779,
P04680,
P08840,
P09835,
P09962,
P07321,
P00969,
P02205,
P03447,
P01299,
P01391,
P01669,
P08539,
P05322,
P01296,
P00205,
P08620,
P03029,
P01710,
P02519,
P00578,
P08231,
P00227,
P09478,
P04529,
P00314,
P07290,
P02877,
P06560,
P08286,
P08774,
P01536,
P03396,
P01860,
P03038,
P07081,
P02882,
P07402,
P01344,
P02508,
P06174,
P05326,
P00921,
P08385,
P08336,
P05271,
P09333,
P08110,
P00656,
P04339,
P06651,
P00557,
P00084,
P02225,
P00284,
P07871,
P07246,
P08722,
P07010,
P08916,
P01876,
P00046,
P04662,
P03247,
P01704,
P05663,
P04795,
P09656,
P04330,
P01223,
P06613,
P07899,
P07206,
P09284,
P08406,
P05741,
P02287,
P08094,
P07412,
P02540,
P06998,
P02872,
P07877,
P02075,
P00477,
P00076,
P01140,
P07429,
P07609,
P03861,
P05526,
P00319,
P08359,
P07173,
P09359,
P06263,
P09589,
P02575,
P09355,
P00446,
P05719,
P03069,
P00548,
P06353,
P01101,
P09613,
P00380,
P00373,
P04296,
P04013,
P08075,
P08514,
P07979,
P00506,
P03578,
P05594,
P00218,
P09100,
P00003,
P07906,
P07219,
P03651,
P04188,
P04849,
P04219,
P03634,
P08855,
P03016,
P03883,
P03685,
P05241,
P09412,
P00277,
P01640,
P07596,
P02271,
P09725,
P02505,
P00841,
P04792,
P09017,
P02985,
P05653,
P04915,
P08193,
P02805,
P07552,
P04235,
P07359,
P09553,
P00290,
P03070,
P04340,
P01139,
P06274,
P03278,
P03011,
P00932,
P08760,
P05606,
P09252,
P00725,
P00808,
P02926,
P02065,
P09242,
P04568,
P04632,
P02044,
P06818,
P00809,
P03085,
P01700,
P09287,
P06825,
P05296,
P06114,
P05778,
P06968,
P09957,
P01337,
P02753,
P06166,
P00274,
P06229,
P01411,
P08745,
P04650,
P04354,
P06171,
P08104,
P04064,
P01994,
P06175,
P07701,
P01588,
P07589,
P05364,
P04207,
P00438,
P06272,
P02142,
P04489,
P07888,
P00238,
P09975,
P02421,
P07237,
P08285,
P01619,
P07274,
P02493,
P03294,
P04965,
P04222,
P09008,
P00814,
P01506,
P03538,
P02955,
P00250,
P06392,
P04153,
P05491,
P03112,
P00158,
P08731,
P09741,
P10029,
P07554,
P06496,
P02878,
P00641,
P07136,
P07199,
P08123,
P07963,
P04055,
P07269,
P06245,
P06008,
P02839,
P07594,
P05269,
P09638,
P00711,
P05814,
P01947,
P09979,
P04405,
P01163,
P04268,
P01065,
P08603,
P00474,
P08173,
P00643,
